time_seconds,raw_amplitude,filtered_amplitude,status
1.4669,0.068798,0.068798,Normal monitoring
1.5501,0.419672,0.419672,Normal monitoring
1.8401,0.385318,0.291263,Normal monitoring
1.9877,0.02818,0.277724,Normal monitoring
2.1089,-0.259264,0.051412,Normal monitoring
2.2742,-1.001188,-0.410757,Normal monitoring
2.3962,-0.734647,-0.665033,Normal monitoring
2.5736,-0.255901,-0.663912,Normal monitoring
2.7305,-0.467695,-0.486081,Normal monitoring
2.851,-0.63985,-0.454482,Normal monitoring
2.9836,-1.009155,-0.705567,Normal monitoring
3.1026,-1.025606,-0.891537,Normal monitoring
3.2337,-1.11192,-1.048894,Normal monitoring
3.3868,-0.512972,-0.883499,Normal monitoring
3.5266,-0.182206,-0.602366,Normal monitoring
3.6451,-0.173965,-0.289715,Normal monitoring
3.8036,-0.354183,-0.236785,Normal monitoring
3.9135,-0.429293,-0.319147,Normal monitoring
4.0432,-0.270151,-0.351209,Normal monitoring
4.1522,0.162523,-0.178974,Normal monitoring
4.2784,0.673803,0.188725,Normal monitoring
4.4277,0.75691,0.531079,Normal monitoring
4.5639,0.795697,0.742137,Normal monitoring
4.6891,0.385639,0.646082,Normal monitoring
4.8237,0.3643,0.515212,Normal monitoring
4.9573,0.604515,0.451485,Normal monitoring
5.1075,1.125826,0.698214,Normal monitoring
5.209,1.410076,1.046806,Normal monitoring
5.302,0.950883,1.162261,Normal monitoring
5.3961,0.751922,1.037627,Normal monitoring
5.5223,0.441931,0.714912,Normal monitoring
5.6572,-0.078675,0.371726,Normal monitoring
5.8005,0.091002,0.151419,Normal monitoring
5.9321,0.505769,0.172699,Normal monitoring
6.0293,0.260365,0.285712,Normal monitoring
6.1739,-0.084876,0.227086,Normal monitoring
6.3047,-0.577642,-0.134051,Normal monitoring
6.4659,1.463585,0.267022,Normal monitoring
6.588,-0.915956,-0.010004,Normal monitoring
6.735,-0.515476,0.010717,Normal monitoring
6.8378,-0.399474,-0.610302,Normal monitoring
6.9229,-0.470508,-0.46182,Normal monitoring
7.0367,-0.837281,-0.569088,Normal monitoring
7.159,-0.918848,-0.742212,Normal monitoring
7.2849,-1.421655,-1.059261,Normal monitoring
7.4402,-0.69496,-1.011821,Normal monitoring
7.6054,0.112767,-0.66795,Normal monitoring
7.725,-0.016266,-0.199486,Normal monitoring
7.845,0.413258,0.16992,Normal monitoring
7.9847,0.061017,0.15267,Normal monitoring
8.0812,-0.373902,0.033458,Normal monitoring
8.1923,-0.192993,-0.168626,Normal monitoring
8.2791,0.179227,-0.129223,Normal monitoring
8.4012,0.757454,0.247896,Normal monitoring
8.4983,1.109069,0.681917,Normal monitoring
8.6079,0.921615,0.929379,Normal monitoring
8.7236,0.93879,0.989825,Normal monitoring
8.8405,0.549349,0.803251,Normal monitoring
8.9808,0.723115,0.737085,Normal monitoring
9.1319,0.701297,0.65792,Normal monitoring
9.237,0.993222,0.805878,Normal monitoring
9.3438,1.037978,0.910832,Normal monitoring
9.4588,0.79573,0.94231,Normal monitoring
9.5774,0.53534,0.789683,Normal monitoring
9.7027,0.190162,0.507077,Normal monitoring
9.8433,-0.233931,0.163857,Normal monitoring
9.9916,-0.034504,-0.026091,Normal monitoring
10.1619,0.330962,0.020842,Normal monitoring
10.3132,-0.164894,0.043855,Normal monitoring
10.4048,-0.381527,-0.07182,Normal monitoring
10.5078,-0.742515,-0.429645,Normal monitoring
10.6437,-0.935626,-0.686556,Normal monitoring
10.7799,-0.82952,-0.835887,Normal monitoring
10.9135,-0.578191,-0.781112,Normal monitoring
11.0327,-0.460358,-0.62269,Normal monitoring
11.1473,-0.661094,-0.566548,Normal monitoring
11.2864,-0.963283,-0.694912,Normal monitoring
11.4816,-1.114336,-0.912904,Normal monitoring
11.6411,-0.737777,-0.938465,Normal monitoring
11.7605,0.033461,-0.606217,Normal monitoring
11.849,0.246439,-0.152626,Normal monitoring
12.0229,0.185482,0.155127,Normal monitoring
12.1611,-0.046117,0.128601,Normal monitoring
12.369,-0.094665,0.0149,Normal monitoring
12.5048,0.631051,0.163423,Normal monitoring
12.6146,1.113933,0.550106,Normal monitoring
12.7194,0.88441,0.876464,Normal monitoring
12.8598,0.807971,0.935438,Normal monitoring
13.003,0.354471,0.682284,Normal monitoring
13.1353,0.533786,0.565409,Normal monitoring
13.2773,0.430863,0.439707,Normal monitoring
13.4193,1.130836,0.698495,Normal monitoring
13.5512,1.244178,0.935292,Normal monitoring
13.7019,0.61317,0.996061,Normal monitoring
13.8557,0.006894,0.621414,Normal monitoring
13.9995,-0.196597,0.141156,Normal monitoring
14.1338,0.066511,-0.041064,Normal monitoring
14.2756,-0.097447,-0.075844,Normal monitoring
14.3948,-0.046126,-0.025687,Normal monitoring
14.5108,-0.411407,-0.184994,Normal monitoring
14.6306,-0.835978,-0.431171,Normal monitoring
14.7703,-1.217411,-0.821599,Normal monitoring
14.9021,-1.154321,-1.069237,Normal monitoring
15.0333,-0.693564,-1.021766,Normal monitoring
15.1424,-0.386639,-0.744842,Normal monitoring
15.2889,-0.608871,-0.563025,Normal monitoring
15.4036,-0.527908,-0.507806,Normal monitoring
15.556,-0.895595,-0.677458,Normal monitoring
15.6993,-0.935724,-0.786409,Normal monitoring
15.7988,-0.258399,-0.696573,Normal monitoring
15.888,-0.087656,-0.42726,Normal monitoring
16.0177,0.168339,-0.059239,Normal monitoring
16.1405,0.474042,0.184908,Normal monitoring
16.2854,0.113871,0.252084,Normal monitoring
16.474,0.310172,0.299362,Normal monitoring
16.6399,0.563375,0.32914,Normal monitoring
16.7401,0.88996,0.587836,Normal monitoring
16.8291,1.018863,0.824066,Normal monitoring
16.9381,1.362281,1.090368,Normal monitoring
17.0359,0.787035,1.05606,Normal monitoring
17.1562,0.418894,0.85607,Normal monitoring
17.3111,0.36199,0.52264,Normal monitoring
17.4761,0.548324,0.44307,Normal monitoring
17.6235,0.663328,0.524548,Normal monitoring
17.7683,0.816506,0.676053,Normal monitoring
17.9308,0.110328,0.530054,Normal monitoring
18.0521,-0.445084,0.160583,Normal monitoring
18.1424,-0.781746,-0.372168,Normal monitoring
18.2559,-0.468288,-0.56504,Normal monitoring
18.3908,-0.234327,-0.494787,Normal monitoring
18.5118,-0.000855,-0.23449,Normal monitoring
18.6529,-0.53679,-0.257324,Normal monitoring
18.827,-1.070959,-0.536201,Normal monitoring
18.9399,-1.335361,-0.981037,Normal monitoring
19.0529,-1.055407,-1.153909,Normal monitoring
